{
	"products": [{
		"id": 1,
        "name": "Coombes",
        "type": "LOUNGE",
        "price": 2600,
        "rating": 4,
        "image":"https://skift.com/wp-content/uploads/2020/01/SwissZurichAirportLounge.jpg"
    },
    {
		"id": 2,
        "name": "Keeva Set",
        "type": "TABLE & CHAIRS",
        "price": 590,
        "rating": 4,
        "image":"https://i.pinimg.com/originals/14/23/da/1423da92d5c7093dd10fc83aaac9506b.jpg"
    },
    {
		"id": 3,
        "name": "Nille",
        "type": "ARMCHAIR",
        "price": 950,
        "rating": 5,
        "image":"https://www.woods-furniture.co.uk/images/products/standard/7706.jpg"
    },
    {
		"id": 4,
        "name": "Momo",
        "type": "SHELVES",
        "price": 890,
        "rating": 4,
        "image":"https://skift.com/wp-content/uploads/2020/01/SwissZurichAirportLounge.jpg"
    },
    {
		"id": 5,
        "name": "Penemille",
        "type": "CHAIR",
        "price": 120,
        "rating": 4,
        "image":"https://skift.com/wp-content/uploads/2020/01/SwissZurichAirportLounge.jpg"
    },
    {
		"id": 6,
        "name": "Kappu",
        "type": "SHELVES",
        "price": 420,
        "rating": 4,
        "image":"https://skift.com/wp-content/uploads/2020/01/SwissZurichAirportLounge.jpg"
    },
    {
		"id": 7,
        "name": "Coombes TYPE 2",
        "type": "LOUNGE",
        "price": 3600,
        "rating": 4,
        "image":"https://skift.com/wp-content/uploads/2020/01/SwissZurichAirportLounge.jpg"
    },
    {
		"id": 8,
        "name": "Keeva Set TYPE 2",
        "type": "TABLE & CHAIRS",
        "price": 690,
        "rating": 4,
        "image":"https://skift.com/wp-content/uploads/2020/01/SwissZurichAirportLounge.jpg"
    },
    {
		"id": 9,
        "name": "Nille TYPE 2",
        "type": "ARMCHAIR",
        "price": 1050,
        "rating": 5,
        "image":"https://skift.com/wp-content/uploads/2020/01/SwissZurichAirportLounge.jpg"
    },
    {
		"id": 10,
        "name": "Momo TYPE 2",
        "type": "SHELVES",
        "price": 990,
        "rating": 4,
        "image":"https://skift.com/wp-content/uploads/2020/01/SwissZurichAirportLounge.jpg"
    },
    {
		"id": 11,
        "name": "Penemille TYPE 2 ",
        "type": "CHAIR",
        "price": 1120,
        "rating": 4,
        "image":"https://skift.com/wp-content/uploads/2020/01/SwissZurichAirportLounge.jpg"
    },
    {
		"id": 12,
        "name": "Kappu TYPE 2 ",
        "type": "SHELVES",
        "price": 620,
        "rating": 4,
        "image":"https://skift.com/wp-content/uploads/2020/01/SwissZurichAirportLounge.jpg"
    }]
}