{
    "id": 1,
    "name": "Kappu Regular chair",
    "type": "Scandanvian Collection",
    "price": 2600,
    "colors": ["grey", "black"],
    "description": "Vass Shoes makes handcrafted men's shoes in the heart of Budapest. I made a concept product page for practice which in my opinion represents their qualities better than their current site",
    "images":[
        "https://skift.com/wp-content/uploads/2020/01/SwissZurichAirportLounge.jpg",
        "https://i5.walmartimages.com/asr/54851132-519c-452c-ab8c-2e5b71c3f497_1.958bb71eb640159b4789398cb328248b.jpeg?odnHeight=450&odnWidth=450&odnBg=ffffff",
        "https://www.miliashop.com/46883-thickbox_default/normal-chaise-bicolore-giorgetti.jpg"
    ]
}